domain,status,ttl_seconds
ab.ooo,taken,582560
aba.ooo,taken,578227
abd.ooo,taken,583671
abg.ooo,taken,580657
aby.ooo,taken,583905
ace.ooo,taken,581530
ach.ooo,taken,582559
ad.ooo,taken,582182
adam.ooo,taken,584130
adi.ooo,taken,584246
ado.ooo,taken,550514
adri.ooo,taken,583789
adrian.ooo,taken,584661
adrie.ooo,taken,582192
adv.ooo,taken,550026
afa.ooo,taken,578256
aga.ooo,taken,578837
agatha.ooo,taken,550582
agi.ooo,taken,554267
ai.ooo,taken,585688
aida.ooo,taken,584743
aina.ooo,taken,584514
akito.ooo,taken,585666
akshay.ooo,taken,583177
ala.ooo,taken,583498
alan.ooo,taken,584326
albert.ooo,taken,584228
albin.ooo,taken,585498
albion.ooo,taken,581111
alexa.ooo,taken,584746
alexander.ooo,taken,585474
alexandr.ooo,taken,585421
alexandre.ooo,taken,585087
alfredo.ooo,taken,584905
ali.ooo,taken,583661
alia.ooo,taken,582612
aliance.ooo,taken,585201
alias.ooo,taken,579528
allen.ooo,taken,584353
almaz.ooo,taken,585465
almira.ooo,taken,584512
alperen.ooo,taken,552900
alpha.ooo,taken,585128
altin.ooo,taken,584246
aman.ooo,taken,583123
amanda.ooo,taken,584971
amar.ooo,taken,584157
amen.ooo,taken,582534
america.ooo,taken,585015
amin.ooo,taken,584236
amir.ooo,taken,583397
amit.ooo,taken,583482
amon.ooo,taken,579197
amparo.ooo,taken,585006
anda.ooo,taken,577612
ander.ooo,taken,584705
anders.ooo,taken,583253
andrew.ooo,taken,585426
andrina.ooo,taken,582914
andy.ooo,taken,584666
angela.ooo,taken,584962
ani.ooo,taken,584763
aniket.ooo,taken,577844
aniq.ooo,taken,580660
ann.ooo,taken,585454
anna.ooo,taken,585446
annie.ooo,taken,584404
anta.ooo,taken,583628
antal.ooo,taken,551577
antho.ooo,taken,584159
any.ooo,taken,584994
aoi.ooo,taken,585700
ar.ooo,taken,584355
araba.ooo,taken,578295
arda.ooo,taken,585515
areta.ooo,taken,559498
argo.ooo,taken,578943
ari.ooo,taken,583712
aria.ooo,taken,554686
arizona.ooo,taken,551875
armando.ooo,taken,584911
arnold.ooo,taken,585087
aro.ooo,taken,554175
aroo.ooo,taken,554324
art.ooo,taken,585443
aru.ooo,taken,584493
asi.ooo,taken,583435
asma.ooo,taken,584100
aso.ooo,taken,583667
ata.ooo,taken,554612
athena.ooo,taken,584427
ati.ooo,taken,580281
atta.ooo,taken,578210
augustin.ooo,taken,585082
augustus.ooo,taken,579234
aurora.ooo,taken,584977
austin.ooo,taken,583128
ava.ooo,taken,584439
avia.ooo,taken,579473
awa.ooo,taken,585160
awais.ooo,taken,579941
awg.ooo,taken,580651
awo.ooo,taken,578315
aws.ooo,taken,553305
aya.ooo,taken,583644
ayo.ooo,taken,550435
ba.ooo,taken,582562
baby.ooo,taken,581602
bailey.ooo,taken,583217
bao.ooo,taken,581890
barry.ooo,taken,584349
base.ooo,taken,578394
becca.ooo,taken,583223
becker.ooo,taken,577715
bek.ooo,taken,585436
bell.ooo,taken,585209
beni.ooo,taken,583434
bent.ooo,taken,583341
berg.ooo,taken,577725
bernie.ooo,taken,583228
beta.ooo,taken,581207
bill.ooo,taken,584346
bing.ooo,taken,584428
bob.ooo,taken,584152
bolivar.ooo,taken,554926
borg.ooo,taken,550670
braun.ooo,taken,577732
bren.ooo,taken,579092
brett.ooo,taken,583127
bro.ooo,taken,580652
bruna.ooo,taken,584275
bruno.ooo,taken,584667
bry.ooo,taken,581567
bryn.ooo,taken,581443
bsc.ooo,taken,554945
burhan.ooo,taken,581738
cai.ooo,taken,581883
caitlin.ooo,taken,583206
calvin.ooo,taken,585092
cam.ooo,taken,583140
camille.ooo,taken,585175
candy.ooo,taken,584401
cap.ooo,taken,577246
carl.ooo,taken,583130
carlo.ooo,taken,584924
carmel.ooo,taken,583478
carol.ooo,taken,584971
caroline.ooo,taken,584047
catherine.ooo,taken,584976
cde.ooo,taken,579246
cebo.ooo,taken,582721
cee.ooo,taken,581669
cesar.ooo,taken,584901
ceu.ooo,taken,580449
cf.ooo,taken,584391
chan.ooo,taken,584323
chandler.ooo,taken,581924
chanel.ooo,taken,585189
chang.ooo,taken,584372
chard.ooo,taken,581562
charles.ooo,taken,585076
charly.ooo,taken,585087
charm.ooo,taken,581631
cheung.ooo,taken,584325
chi.ooo,taken,585096
chieko.ooo,taken,585705
chiyo.ooo,taken,585733
choo.ooo,taken,579661
chris.ooo,taken,584326
chu.ooo,taken,584335
circle.ooo,taken,584452
claudi.ooo,taken,581791
claudio.ooo,taken,584898
clinton.ooo,taken,585119
cloud.ooo,taken,581900
coby.ooo,taken,582259
cole.ooo,taken,583133
colette.ooo,taken,585155
collette.ooo,taken,581524
comfort.ooo,taken,585189
con.ooo,taken,578885
confidence.ooo,taken,578309
conor.ooo,taken,583182
cor.ooo,taken,582180
corey.ooo,taken,583130
cornelius.ooo,taken,579204
cp.ooo,taken,584396
craig.ooo,taken,583122
crystal.ooo,taken,584408
curtis.ooo,taken,583128
cut.ooo,taken,553534
dada.ooo,taken,585110
dag.ooo,taken,583260
daga.ooo,taken,554235
daisy.ooo,taken,584994
damir.ooo,taken,585495
damon.ooo,taken,584399
daniel.ooo,taken,584897
danko.ooo,taken,578577
danny.ooo,taken,584666
dara.ooo,taken,583653
dare.ooo,taken,551739
dari.ooo,taken,580145
darius.ooo,taken,581730
darnell.ooo,taken,579388
daro.ooo,taken,570424
data.ooo,taken,551911
dave.ooo,taken,583114
david.ooo,taken,584650
davis.ooo,taken,584399
dawn.ooo,taken,584462
dayo.ooo,taken,550494
de.ooo,taken,584218
dean.ooo,taken,583128
deco.ooo,taken,578922
dee.ooo,taken,584419
deka.ooo,taken,579843
demar.ooo,taken,579339
demeter.ooo,taken,551606
deng.ooo,taken,581884
denise.ooo,taken,584272
denny.ooo,taken,584396
des.ooo,taken,581433
desire.ooo,taken,585154
destiny.ooo,taken,583248
dev.ooo,taken,580086
devi.ooo,taken,580104
devin.ooo,taken,583141
dex.ooo,taken,581587
dexter.ooo,taken,581530
diamond.ooo,taken,550591
dick.ooo,taken,584340
dieu.ooo,taken,580479
din.ooo,taken,579691
ding.ooo,taken,581885
dino.ooo,taken,584194
diogo.ooo,taken,582825
dionysia.ooo,taken,583622
dodo.ooo,taken,552019
doe.ooo,taken,578254
dom.ooo,taken,584154
dominic.ooo,taken,585486
dominik.ooo,taken,585475
domino.ooo,taken,583989
donovan.ooo,taken,584175
drei.ooo,taken,581585
drew.ooo,taken,583135
drs.ooo,taken,553764
duda.ooo,taken,580541
duilio.ooo,taken,570432
duke.ooo,taken,581897
dupont.ooo,taken,577756
dustin.ooo,taken,583132
ech.ooo,taken,577730
echo.ooo,taken,584439
eda.ooo,taken,581801
edel.ooo,taken,578799
eden.ooo,taken,583513
edit.ooo,taken,579118
edmund.ooo,taken,584362
edoardo.ooo,taken,584190
efe.ooo,taken,552878
eik.ooo,taken,553963
ej.ooo,taken,581534
eko.ooo,taken,580653
ela.ooo,taken,581771
elias.ooo,taken,584907
eliza.ooo,taken,584745
elle.ooo,taken,583244
elliott.ooo,taken,581409
elmas.ooo,taken,585604
els.ooo,taken,582242
emi.ooo,taken,584104
emma.ooo,taken,584275
emmy.ooo,taken,582271
ems.ooo,taken,581640
emz.ooo,taken,581631
eng.ooo,taken,579673
enn.ooo,taken,579011
eno.ooo,taken,581168
enzo.ooo,taken,584914
era.ooo,taken,581161
ergo.ooo,taken,578953
eri.ooo,taken,585689
erica.ooo,taken,584979
erik.ooo,taken,584682
erin.ooo,taken,583189
erma.ooo,taken,581653
esi.ooo,taken,581187
esperance.ooo,taken,584833
ethan.ooo,taken,584368
eugene.ooo,taken,585431
eugenie.ooo,taken,585168
eva.ooo,taken,584278
evelyn.ooo,taken,584961
everaldo.ooo,taken,580607
exe.ooo,taken,579154
fabi.ooo,taken,585014
fabian.ooo,taken,585477
fabio.ooo,taken,584689
fan.ooo,taken,584341
fat.ooo,taken,584351
fedi.ooo,taken,582533
ferat.ooo,taken,551756
fernand.ooo,taken,585117
fernandes.ooo,taken,580461
file.ooo,taken,581146
fin.ooo,taken,578925
firas.ooo,taken,583673
firma.ooo,taken,554157
fish.ooo,taken,584357
flick.ooo,taken,577787
floo.ooo,taken,559538
florine.ooo,taken,585188
foo.ooo,taken,580675
formosa.ooo,taken,580429
fran.ooo,taken,584905
francesco.ooo,taken,584178
frank.ooo,taken,584656
fred.ooo,taken,584118
frederic.ooo,taken,585094
ft.ooo,taken,580902
fuchs.ooo,taken,577753
gaas.ooo,taken,579804
gabriel.ooo,taken,584900
garo.ooo,taken,553107
gea.ooo,taken,582260
gem.ooo,taken,581625
gent.ooo,taken,581110
georg.ooo,taken,585477
george.ooo,taken,584214
gerardo.ooo,taken,584905
geronimo.ooo,taken,584563
gerry.ooo,taken,584235
getnet.ooo,taken,551119
gil.ooo,taken,583709
gin.ooo,taken,579778
gio.ooo,taken,584204
git.ooo,taken,581061
giuli.ooo,taken,579103
gogo.ooo,taken,582389
goh.ooo,taken,580663
gold.ooo,taken,550516
gord.ooo,taken,583146
gordon.ooo,taken,584345
grace.ooo,taken,584403
graf.ooo,taken,577741
graham.ooo,taken,583132
grant.ooo,taken,583136
greg.ooo,taken,584131
gu.ooo,taken,581887
guido.ooo,taken,584914
gun.ooo,taken,583387
gunnar.ooo,taken,583258
hako.ooo,taken,582434
hana.ooo,taken,584000
hank.ooo,taken,581892
hansen.ooo,taken,581916
hanson.ooo,taken,581896
hao.ooo,taken,581874
happy.ooo,taken,584351
hari.ooo,taken,580190
harish.ooo,taken,580063
harper.ooo,taken,581862
harry.ooo,taken,583125
haru.ooo,taken,585662
harvey.ooo,taken,583172
hay.ooo,taken,582570
hayden.ooo,taken,584383
hee.ooo,taken,580681
hein.ooo,taken,582203
helio.ooo,taken,585645
hermes.ooo,taken,584706
hiro.ooo,taken,585617
holiday.ooo,taken,581844
hoor.ooo,taken,580129
horvath.ooo,taken,551590
huat.ooo,taken,580714
hugo.ooo,taken,584902
hunter.ooo,taken,583167
huy.ooo,taken,553850
hyundai.ooo,taken,580688
ia.ooo,taken,580971
ibo.ooo,taken,585527
iboo.ooo,taken,554320
ideal.ooo,taken,551718
ido.ooo,taken,583486
ilan.ooo,taken,583488
immo.ooo,taken,581295
imogen.ooo,taken,581499
ina.ooo,taken,584308
ion.ooo,taken,584209
irina.ooo,taken,585447
iro.ooo,taken,583565
isaac.ooo,taken,584912
iskra.ooo,taken,580371
ita.ooo,taken,579773
ito.ooo,taken,585649
ivan.ooo,taken,585421
ivo.ooo,taken,584213
jack.ooo,taken,584329
jaco.ooo,taken,582668
jacob.ooo,taken,583728
jacques.ooo,taken,585078
jad.ooo,taken,582357
jadran.ooo,taken,577668
jah.ooo,taken,579347
jan.ooo,taken,583951
janek.ooo,taken,583970
jansen.ooo,taken,581589
jared.ooo,taken,583711
jason.ooo,taken,584325
jaume.ooo,taken,577452
jeff.ooo,taken,584336
jeffry.ooo,taken,551318
jesse.ooo,taken,583121
jester.ooo,taken,581581
jet.ooo,taken,582205
jewel.ooo,taken,579680
jho.ooo,taken,581614
jiawei.ooo,taken,581895
jir.ooo,taken,583999
joa.ooo,taken,579114
joao.ooo,taken,584708
joe.ooo,taken,584326
jon.ooo,taken,583257
joni.ooo,taken,581233
josh.ooo,taken,583118
joy.ooo,taken,583071
joyce.ooo,taken,584404
jude.ooo,taken,585106
juho.ooo,taken,581234
julien.ooo,taken,585098
junior.ooo,taken,585074
jur.ooo,taken,582236
just.ooo,taken,583984
justin.ooo,taken,585080
kairi.ooo,taken,578997
kak.ooo,taken,579570
kalina.ooo,taken,580361
kama.ooo,taken,554131
karen.ooo,taken,584958
karim.ooo,taken,584212
karuna.ooo,taken,580128
kay.ooo,taken,584417
kayla.ooo,taken,583193
kaz.ooo,taken,585647
kazi.ooo,taken,580078
kee.ooo,taken,584375
kei.ooo,taken,585615
kels.ooo,taken,578498
kem.ooo,taken,579378
kenji.ooo,taken,585611
keno.ooo,taken,579363
kent.ooo,taken,584348
kev.ooo,taken,584172
key.ooo,taken,584462
kia.ooo,taken,581327
kian.ooo,taken,581424
kien.ooo,taken,553873
kiki.ooo,taken,584414
kiko.ooo,taken,584384
king.ooo,taken,584331
kirby.ooo,taken,581572
kis.ooo,taken,553936
kiyo.ooo,taken,585682
klein.ooo,taken,577714
koenig.ooo,taken,577749
kohinoor.ooo,taken,550111
koko.ooo,taken,582422
kolos.ooo,taken,551611
kong.ooo,taken,584339
kota.ooo,taken,585626
kruno.ooo,taken,577652
ktv.ooo,taken,578111
kumar.ooo,taken,580174
kun.ooo,taken,581885
kuno.ooo,taken,553951
kuo.ooo,taken,580252
kura.ooo,taken,583662
kus.ooo,taken,553733
kwan.ooo,taken,584330
lakshmi.ooo,taken,580101
lal.ooo,taken,580191
lala.ooo,taken,582496
lan.ooo,taken,584347
land.ooo,taken,581139
lando.ooo,taken,580485
lao.ooo,taken,581906
lars.ooo,taken,583252
lee.ooo,taken,584325
leela.ooo,taken,550355
lemon.ooo,taken,584388
leo.ooo,taken,584661
leonardo.ooo,taken,584903
les.ooo,taken,583160
levi.ooo,taken,583172
lex.ooo,taken,582198
liam.ooo,taken,584700
lider.ooo,taken,584564
lila.ooo,taken,585014
lili.ooo,taken,584730
lima.ooo,taken,578046
lindsay.ooo,taken,583193
live.ooo,taken,583276
lolita.ooo,taken,581617
long.ooo,taken,584356
loo.ooo,taken,579673
loretta.ooo,taken,584437
lotte.ooo,taken,585585
luc.ooo,taken,585089
luce.ooo,taken,577604
luci.ooo,taken,584759
lucia.ooo,taken,584967
lucky.ooo,taken,582657
ludo.ooo,taken,584134
ludovico.ooo,taken,584215
ludwig.ooo,taken,585488
lula.ooo,taken,579101
luna.ooo,taken,584987
luo.ooo,taken,581880
lux.ooo,taken,577710
macedo.ooo,taken,577736
mads.ooo,taken,583264
maga.ooo,taken,585429
maher.ooo,taken,583677
mahima.ooo,taken,550372
maho.ooo,taken,585634
maia.ooo,taken,579077
maine.ooo,taken,581645
majid.ooo,taken,582542
mak.ooo,taken,584340
make.ooo,taken,581263
maks.ooo,taken,585427
maksym.ooo,taken,583989
malu.ooo,taken,584764
mam.ooo,taken,582338
mamamia.ooo,taken,580789
mano.ooo,taken,582315
mao.ooo,taken,585634
maps.ooo,taken,578474
mar.ooo,taken,583761
marcel.ooo,taken,585477
marcelo.ooo,taken,584898
marco.ooo,taken,584900
marea.ooo,taken,578442
marietta.ooo,taken,585578
marko.ooo,taken,585482
marlo.ooo,taken,581555
marshall.ooo,taken,579361
mart.ooo,taken,582424
martina.ooo,taken,585542
mary.ooo,taken,584709
masha.ooo,taken,585454
mateo.ooo,taken,584917
matos.ooo,taken,580515
mats.ooo,taken,583261
matt.ooo,taken,584358
matte.ooo,taken,581039
mauro.ooo,taken,584911
max.ooo,taken,585424
maya.ooo,taken,584084
mayumi.ooo,taken,585687
maz.ooo,taken,581445
mb.ooo,taken,577962
mca.ooo,taken,582452
mdm.ooo,taken,579761
meda.ooo,taken,559384
megane.ooo,taken,582162
mel.ooo,taken,584074
melissa.ooo,taken,584720
meme.ooo,taken,583645
memes.ooo,taken,583868
menn.ooo,taken,577742
mer.ooo,taken,582480
mesh.ooo,taken,578406
meunier.ooo,taken,577849
mian.ooo,taken,580181
mic.ooo,taken,584379
micah.ooo,taken,583031
michael.ooo,taken,585472
michelle.ooo,taken,584292
mike.ooo,taken,584223
mikk.ooo,taken,578939
miko.ooo,taken,584377
milan.ooo,taken,583952
mile.ooo,taken,585569
milk.ooo,taken,584433
mille.ooo,taken,583367
mimi.ooo,taken,584107
mimo.ooo,taken,582551
min.ooo,taken,584368
ming.ooo,taken,584324
mingo.ooo,taken,583851
mio.ooo,taken,585626
mira.ooo,taken,582595
miracle.ooo,taken,550554
miran.ooo,taken,577668
miso.ooo,taken,577670
mitchell.ooo,taken,583133
miu.ooo,taken,585726
miz.ooo,taken,580755
mlk.ooo,taken,580853
mma.ooo,taken,578442
moe.ooo,taken,583136
moh.ooo,taken,584172
moji.ooo,taken,554710
molly.ooo,taken,583219
moloko.ooo,taken,582805
momo.ooo,taken,584122
mon.ooo,taken,582569
moner.ooo,taken,582315
mono.ooo,taken,579182
moon.ooo,taken,584413
morena.ooo,taken,584276
morgan.ooo,taken,584129
moritz.ooo,taken,585486
moyo.ooo,taken,578386
mss.ooo,taken,580826
mujo.ooo,taken,585537
murphy.ooo,taken,581900
muslim.ooo,taken,585438
nami.ooo,taken,585700
nana.ooo,taken,584083
nani.ooo,taken,582466
nasos.ooo,taken,583558
nat.ooo,taken,584090
nate.ooo,taken,583152
nedra.ooo,taken,582613
negro.ooo,taken,579160
nelleke.ooo,taken,582270
nelson.ooo,taken,584902
neo.ooo,taken,582661
nestor.ooo,taken,584920
ngu.ooo,taken,585115
nic.ooo,taken,584393
nice.ooo,taken,580552
nicholas.ooo,taken,584357
nick.ooo,taken,585433
nico.ooo,taken,584907
nicole.ooo,taken,584959
nik.ooo,taken,585431
niklas.ooo,taken,585485
nil.ooo,taken,578004
nixon.ooo,taken,583871
nizar.ooo,taken,582517
noa.ooo,taken,584098
noel.ooo,taken,584157
non.ooo,taken,580232
noon.ooo,taken,582954
norm.ooo,taken,583164
novo.ooo,taken,578605
nura.ooo,taken,550405
obet.ooo,taken,581576
odd.ooo,taken,583259
odin.ooo,taken,583279
ojo.ooo,taken,550409
okko.ooo,taken,581275
ol.ooo,taken,554173
oli.ooo,taken,583733
olivier.ooo,taken,585076
olo.ooo,taken,554147
olta.ooo,taken,581171
ong.ooo,taken,580657
onno.ooo,taken,582214
ono.ooo,taken,585672
ons.ooo,taken,582594
onur.ooo,taken,585504
onx.ooo,taken,578420
ooi.ooo,taken,579690
opg.ooo,taken,577675
orange.ooo,taken,580264
oscar.ooo,taken,584900
osman.ooo,taken,583678
oswaldo.ooo,taken,584666
oti.ooo,taken,578310
otto.ooo,taken,585486
ou.ooo,taken,581892
oyun.ooo,taken,552391
ozan.ooo,taken,585523
pablo.ooo,taken,584897
pal.ooo,taken,581140
palo.ooo,taken,583981
pan.ooo,taken,584358
panda.ooo,taken,584377
papa.ooo,taken,578212
parsa.ooo,taken,554587
patrick.ooo,taken,584208
paul.ooo,taken,584659
paulette.ooo,taken,585172
pauli.ooo,taken,585581
paulo.ooo,taken,584911
pav.ooo,taken,583998
pavlo.ooo,taken,583985
paw.ooo,taken,554152
peace.ooo,taken,578284
peg.ooo,taken,578846
peng.ooo,taken,581873
persia.ooo,taken,553485
phil.ooo,taken,584152
philo.ooo,taken,578327
pik.ooo,taken,584472
pika.ooo,taken,551813
pim.ooo,taken,582185
pin.ooo,taken,580259
ping.ooo,taken,584406
pinky.ooo,taken,584416
pino.ooo,taken,584190
pinto.ooo,taken,552210
pio.ooo,taken,584224
piter.ooo,taken,584701
pol.ooo,taken,582076
polo.ooo,taken,584953
pono.ooo,taken,578365
pop.ooo,taken,577261
portal.ooo,taken,580468
poster.ooo,taken,578383
preston.ooo,taken,583032
prima.ooo,taken,584624
prince.ooo,taken,583028
puk.ooo,taken,554043
py.ooo,taken,584444
rada.ooo,taken,578506
raido.ooo,taken,578939
raimund.ooo,taken,585488
rain.ooo,taken,584420
rainbow.ooo,taken,584418
rainy.ooo,taken,581834
raivo.ooo,taken,578944
raja.ooo,taken,582525
ram.ooo,taken,580167
ramos.ooo,taken,583839
rao.ooo,taken,552528
rap.ooo,taken,581584
ras.ooo,taken,578360
ratna.ooo,taken,580124
raven.ooo,taken,581627
ray.ooo,taken,584328
rayan.ooo,taken,584135
red.ooo,taken,580925
redi.ooo,taken,581090
reece.ooo,taken,581389
rei.ooo,taken,585632
remco.ooo,taken,582179
ren.ooo,taken,581887
renato.ooo,taken,584908
renaud.ooo,taken,584140
rene.ooo,taken,584906
renu.ooo,taken,580112
reo.ooo,taken,585666
ricard.ooo,taken,581069
ricardo.ooo,taken,584899
rich.ooo,taken,583152
richard.ooo,taken,584905
rick.ooo,taken,584369
rico.ooo,taken,584370
rik.ooo,taken,582184
rim.ooo,taken,582581
rio.ooo,taken,581539
roar.ooo,taken,583262
rob.ooo,taken,583117
robert.ooo,taken,584660
roberto.ooo,taken,584899
robo.ooo,taken,583997
roi.ooo,taken,583498
rok.ooo,taken,551642
rolando.ooo,taken,584910
romeo.ooo,taken,585079
rong.ooo,taken,584450
ronnie.ooo,taken,584370
roo.ooo,taken,579094
roopam.ooo,taken,554546
roy.ooo,taken,584667
ruda.ooo,taken,583963
run.ooo,taken,581917
runa.ooo,taken,583345
rus.ooo,taken,584493
russell.ooo,taken,583143
saad.ooo,taken,583664
sab.ooo,taken,584085
sabin.ooo,taken,552705
sad.ooo,taken,580887
sae.ooo,taken,585646
saga.ooo,taken,581341
saima.ooo,taken,583231
sako.ooo,taken,553090
sakura.ooo,taken,585699
salah.ooo,taken,584224
sally.ooo,taken,584409
sam.ooo,taken,584324
samo.ooo,taken,582453
san.ooo,taken,581729
sana.ooo,taken,584099
sandy.ooo,taken,584402
santa.ooo,taken,584763
sao.ooo,taken,577903
sarah.ooo,taken,584283
saraswati.ooo,taken,550360
sasa.ooo,taken,585488
sato.ooo,taken,585630
schmid.ooo,taken,582866
scott.ooo,taken,583115
season.ooo,taken,581831
seb.ooo,taken,584126
sebastian.ooo,taken,584898
sebi.ooo,taken,585508
sem.ooo,taken,582190
seno.ooo,taken,553697
sephora.ooo,taken,577938
sergio.ooo,taken,584898
seven.ooo,taken,584394
shane.ooo,taken,583123
shaun.ooo,taken,583134
shawn.ooo,taken,583120
she.ooo,taken,581621
shimizu.ooo,taken,585668
shin.ooo,taken,585622
shine.ooo,taken,552527
shiro.ooo,taken,585655
shoko.ooo,taken,585693
shy.ooo,taken,581651
sia.ooo,taken,579756
sid.ooo,taken,583184
sido.ooo,taken,582431
sil.ooo,taken,582286
silja.ooo,taken,583365
sim.ooo,taken,584387
simon.ooo,taken,584326
sio.ooo,taken,553778
siw.ooo,taken,583340
six.ooo,taken,579377
sky.ooo,taken,584345
sly.ooo,taken,578253
smart.ooo,taken,550492
smith.ooo,taken,585133
snow.ooo,taken,584458
so.ooo,taken,584410
sofia.ooo,taken,584959
sofo.ooo,taken,578323
sol.ooo,taken,584981
solo.ooo,taken,582455
soo.ooo,taken,579732
soon.ooo,taken,580667
sophia.ooo,taken,584084
sophie.ooo,taken,584044
soren.ooo,taken,581076
soso.ooo,taken,584070
spark.ooo,taken,581916
sparta.ooo,taken,579344
spencer.ooo,taken,584395
stanislav.ooo,taken,585427
stas.ooo,taken,585428
steel.ooo,taken,581929
stefan.ooo,taken,585473
steffan.ooo,taken,583304
steve.ooo,taken,585076
still.ooo,taken,578271
stone.ooo,taken,584394
sun.ooo,taken,584415
suna.ooo,taken,552974
sunday.ooo,taken,579195
sunny.ooo,taken,584329
sunshine.ooo,taken,581622
swiss.ooo,taken,582867
syl.ooo,taken,554251
sylvan.ooo,taken,550662
sze.ooo,taken,584415
ta.ooo,taken,582575
taj.ooo,taken,579959
tak.ooo,taken,584347
tako.ooo,taken,552005
takumi.ooo,taken,585618
tam.ooo,taken,584337
tang.ooo,taken,584333
tao.ooo,taken,584397
tari.ooo,taken,580297
taso.ooo,taken,551937
tat.ooo,taken,584365
tayo.ooo,taken,550484
tea.ooo,taken,581320
ted.ooo,taken,584385
tee.ooo,taken,579669
teko.ooo,taken,578378
ter.ooo,taken,583978
tessa.ooo,taken,583226
teta.ooo,taken,577618
tetsu.ooo,taken,585662
the.ooo,taken,580264
thea.ooo,taken,583328
thee.ooo,taken,579341
theo.ooo,taken,584121
theodora.ooo,taken,583601
thi.ooo,taken,579762
thomas.ooo,taken,585472
tiago.ooo,taken,582818
tiho.ooo,taken,577674
tik.ooo,taken,559392
tin.ooo,taken,584353
ting.ooo,taken,584411
tino.ooo,taken,584223
tiny.ooo,taken,582254
tiro.ooo,taken,578364
toby.ooo,taken,584347
tok.ooo,taken,579532
tom.ooo,taken,584335
tommie.ooo,taken,581034
tomorr.ooo,taken,581141
tono.ooo,taken,583838
tony.ooo,taken,584325
topo.ooo,taken,578384
tor.ooo,taken,583257
tora.ooo,taken,583346
toto.ooo,taken,584242
travis.ooo,taken,583126
trevor.ooo,taken,584398
tri.ooo,taken,584472
tron.ooo,taken,583290
truc.ooo,taken,553811
tse.ooo,taken,584339
tseng.ooo,taken,580256
tsg.ooo,taken,559415
ugo.ooo,taken,584199
ula.ooo,taken,554206
una.ooo,taken,580287
unique.ooo,taken,579993
valentina.ooo,taken,585451
valeria.ooo,taken,585454
vargas.ooo,taken,551362
vel.ooo,taken,579675
ventura.ooo,taken,583874
venus.ooo,taken,584415
ver.ooo,taken,581569
via.ooo,taken,581660
vic.ooo,taken,583732
vir.ooo,taken,579117
vis.ooo,taken,581145
visa.ooo,taken,581260
vita.ooo,taken,584290
vital.ooo,taken,552237
vivek.ooo,taken,583166
vivo.ooo,taken,553131
vojta.ooo,taken,583955
volk.ooo,taken,551992
wagner.ooo,taken,584706
wah.ooo,taken,584334
wai.ooo,taken,584325
wang.ooo,taken,584352
weber.ooo,taken,577712
wee.ooo,taken,580670
wenbo.ooo,taken,581914
werner.ooo,taken,585476
wes.ooo,taken,583154
whitney.ooo,taken,583238
wien.ooo,taken,553598
willow.ooo,taken,581849
wilson.ooo,taken,584910
win.ooo,taken,584356
wing.ooo,taken,584324
wise.ooo,taken,578244
wit.ooo,taken,554165
wiz.ooo,taken,582940
wo.ooo,taken,584382
wonder.ooo,taken,582716
woo.ooo,taken,584381
wu.ooo,taken,584341
xander.ooo,taken,582210
xavier.ooo,taken,584705
xia.ooo,taken,584453
xiaoyu.ooo,taken,581828
xii.ooo,taken,580659
xoo.ooo,taken,554454
yago.ooo,taken,580616
yamaguchi.ooo,taken,585665
yami.ooo,taken,583918
yang.ooo,taken,584360
yaro.ooo,taken,578269
yasmin.ooo,taken,583792
yau.ooo,taken,584338
yaw.ooo,taken,578198
yifeng.ooo,taken,581907
yilmaz.ooo,taken,585505
yin.ooo,taken,584407
ying.ooo,taken,584405
yl.ooo,taken,584440
york.ooo,taken,581899
yoshimi.ooo,taken,585701
you.ooo,taken,582552
yoyo.ooo,taken,584407
yuen.ooo,taken,584334
yuji.ooo,taken,585614
yuk.ooo,taken,584418
yuta.ooo,taken,585614
zaal.ooo,taken,551971
zac.ooo,taken,583183
zai.ooo,taken,580723
zaza.ooo,taken,584106
zhu.ooo,taken,581816
zion.ooo,taken,583432
zyy.ooo,taken,580791
