domain,status
aad.ooo,free
aan.ooo,free
abe.ooo,free
abi.ooo,free
abo.ooo,free
abu.ooo,free
aca.ooo,free
aco.ooo,free
ada.ooo,free
ade.ooo,free
adu.ooo,free
ady.ooo,free
aek.ooo,free
aet.ooo,free
aey.ooo,free
afi.ooo,free
afu.ooo,free
age.ooo,free
agu.ooo,free
ahu.ooo,free
ail.ooo,free
ain.ooo,free
aja.ooo,free
aji.ooo,free
aki.ooo,free
ako.ooo,free
aks.ooo,free
aku.ooo,free
alb.ooo,free
ale.ooo,free
alf.ooo,free
alh.ooo,free
alp.ooo,free
aly.ooo,free
ama.ooo,free
amg.ooo,free
ami.ooo,free
aml.ooo,free
amo.ooo,free
amp.ooo,free
amr.ooo,free
amu.ooo,free
amy.ooo,free
ana.ooo,free
ane.ooo,free
ang.ooo,free
anh.ooo,free
anj.ooo,free
ank.ooo,free
ans.ooo,free
ant.ooo,free
anu.ooo,free
apa.ooo,free
apu.ooo,free
ara.ooo,free
are.ooo,free
arx.ooo,free
ary.ooo,free
ash.ooo,free
asq.ooo,free
ato.ooo,free
ats.ooo,free
aty.ooo,free
aud.ooo,free
auf.ooo,free
ave.ooo,free
avi.ooo,free
awi.ooo,free
axu.ooo,free
aye.ooo,free
ayi.ooo,free
ayu.ooo,free
azi.ooo,free
azy.ooo,free
bac.ooo,free
bah.ooo,free
bai.ooo,free
bam.ooo,free
ban.ooo,free
bar.ooo,free
bas.ooo,free
baz.ooo,free
bea.ooo,free
bee.ooo,free
beh.ooo,free
bei.ooo,free
bel.ooo,free
ben.ooo,free
bep.ooo,free
ber.ooo,free
bes.ooo,free
bev.ooo,free
bex.ooo,free
bez.ooo,free
bhe.ooo,free
bia.ooo,free
bih.ooo,free
bin.ooo,free
bok.ooo,free
bon.ooo,free
bor.ooo,free
bou.ooo,free
boy.ooo,free
bra.ooo,free
bru.ooo,free
bue.ooo,free
bui.ooo,free
bun.ooo,free
cah.ooo,free
cak.ooo,free
cal.ooo,free
can.ooo,free
cao.ooo,free
cas.ooo,free
cat.ooo,free
caz.ooo,free
ced.ooo,free
cel.ooo,free
cem.ooo,free
ces.ooo,free
cfa.ooo,free
cgu.ooo,free
cha.ooo,free
che.ooo,free
cho.ooo,free
chy.ooo,free
cia.ooo,free
cii.ooo,free
cik.ooo,free
cim.ooo,free
cin.ooo,free
cri.ooo,free
cro.ooo,free
cse.ooo,free
cuc.ooo,free
cui.ooo,free
cun.ooo,free
dai.ooo,free
dan.ooo,free
dao.ooo,free
daw.ooo,free
day.ooo,free
daz.ooo,free
ddg.ooo,free
ddy.ooo,free
dea.ooo,free
deb.ooo,free
dec.ooo,free
ded.ooo,free
dek.ooo,free
del.ooo,free
den.ooo,free
deo.ooo,free
dey.ooo,free
dhe.ooo,free
dib.ooo,free
dik.ooo,free
dil.ooo,free
dim.ooo,free
dip.ooo,free
div.ooo,free
dja.ooo,free
djf.ooo,free
djo.ooo,free
don.ooo,free
dor.ooo,free
dou.ooo,free
dov.ooo,free
dre.ooo,free
duo.ooo,free
dux.ooo,free
duy.ooo,free
dwi.ooo,free
dyg.ooo,free
dyy.ooo,free
e h.ooo,free
ebi.ooo,free
ebn.ooo,free
ebo.ooo,free
ece.ooo,free
edc.ooo,free
ede.ooo,free
edi.ooo,free
edo.ooo,free
eds.ooo,free
edu.ooo,free
edy.ooo,free
edz.ooo,free
eef.ooo,free
eel.ooo,free
een.ooo,free
efd.ooo,free
efg.ooo,free
efi.ooo,free
efj.ooo,free
efo.ooo,free
ege.ooo,free
egi.ooo,free
eha.ooo,free
ehh.ooo,free
eid.ooo,free
eii.ooo,free
eje.ooo,free
ejf.ooo,free
eka.ooo,free
eki.ooo,free
eks.ooo,free
ele.ooo,free
eli.ooo,free
ell.ooo,free
elo.ooo,free
ely.ooo,free
ema.ooo,free
emu.ooo,free
emy.ooo,free
ena.ooo,free
ene.ooo,free
eni.ooo,free
eny.ooo,free
epp.ooo,free
esa.ooo,free
ese.ooo,free
ess.ooo,free
est.ooo,free
eta.ooo,free
eti.ooo,free
eto.ooo,free
etv.ooo,free
etz.ooo,free
eve.ooo,free
evi.ooo,free
evy.ooo,free
ewa.ooo,free
ewe.ooo,free
ewy.ooo,free
eya.ooo,free
eza.ooo,free
eze.ooo,free
ezu.ooo,free
fab.ooo,free
fai.ooo,free
fam.ooo,free
far.ooo,free
fay.ooo,free
fco.ooo,free
fei.ooo,free
fen.ooo,free
fer.ooo,free
fha.ooo,free
fhf.ooo,free
fia.ooo,free
fie.ooo,free
fio.ooo,free
fiq.ooo,free
fiz.ooo,free
fja.ooo,free
fka.ooo,free
fkn.ooo,free
fla.ooo,free
flo.ooo,free
fok.ooo,free
fon.ooo,free
fou.ooo,free
foz.ooo,free
fra.ooo,free
fri.ooo,free
frk.ooo,free
fru.ooo,free
fti.ooo,free
ftm.ooo,free
fuh.ooo,free
fun.ooo,free
g-n.ooo,free
gab.ooo,free
gal.ooo,free
gan.ooo,free
gao.ooo,free
gar.ooo,free
gau.ooo,free
gav.ooo,free
gaz.ooo,free
gde.ooo,free
ged.ooo,free
gee.ooo,free
gel.ooo,free
gen.ooo,free
ger.ooo,free
gev.ooo,free
gfi.ooo,free
gfj.ooo,free
gha.ooo,free
gia.ooo,free
gie.ooo,free
glo.ooo,free
gon.ooo,free
gra.ooo,free
gre.ooo,free
gro.ooo,free
gry.ooo,free
gui.ooo,free
gul.ooo,free
guo.ooo,free
gus.ooo,free
guy.ooo,free
hai.ooo,free
haj.ooo,free
ham.ooo,free
han.ooo,free
hau.ooo,free
haz.ooo,free
hei.ooo,free
hej.ooo,free
hen.ooo,free
him.ooo,free
hin.ooo,free
hio.ooo,free
hiu.ooo,free
hiz.ooo,free
hjh.ooo,free
hjr.ooo,free
hla.ooo,free
hln.ooo,free
hmd.ooo,free
hmz.ooo,free
hoa.ooo,free
hoi.ooo,free
hon.ooo,free
hoo.ooo,free
hou.ooo,free
hsn.ooo,free
hsu.ooo,free
hua.ooo,free
hue.ooo,free
hui.ooo,free
huo.ooo,free
hut.ooo,free
huw.ooo,free
ian.ooo,free
iao.ooo,free
ibi.ooo,free
ica.ooo,free
ico.ooo,free
icu.ooo,free
ida.ooo,free
idy.ooo,free
iem.ooo,free
ife.ooo,free
ifu.ooo,free
ify.ooo,free
iga.ooo,free
ign.ooo,free
ihu.ooo,free
iie.ooo,free
iik.ooo,free
iim.ooo,free
iin.ooo,free
iis.ooo,free
ika.ooo,free
ike.ooo,free
iko.ooo,free
ila.ooo,free
ili.ooo,free
ilo.ooo,free
ima.ooo,free
ime.ooo,free
imi.ooo,free
imy.ooo,free
ine.ooo,free
ini.ooo,free
iok.ooo,free
ira.ooo,free
iri.ooo,free
iru.ooo,free
isa.ooo,free
ish.ooo,free
isi.ooo,free
itu.ooo,free
itz.ooo,free
iva.ooo,free
ive.ooo,free
ivy.ooo,free
iwa.ooo,free
iwo.ooo,free
iya.ooo,free
iza.ooo,free
izo.ooo,free
izz.ooo,free
j-c.ooo,free
j-i.ooo,free
j-p.ooo,free
jac.ooo,free
jae.ooo,free
jag.ooo,free
jai.ooo,free
jak.ooo,free
jam.ooo,free
jao.ooo,free
jap.ooo,free
jar.ooo,free
jas.ooo,free
jav.ooo,free
jay.ooo,free
jaz.ooo,free
jed.ooo,free
jee.ooo,free
jef.ooo,free
jei.ooo,free
jem.ooo,free
jen.ooo,free
jer.ooo,free
jes.ooo,free
jez.ooo,free
jha.ooo,free
jhe.ooo,free
jia.ooo,free
jie.ooo,free
jil.ooo,free
jim.ooo,free
jin.ooo,free
jip.ooo,free
jnr.ooo,free
job.ooo,free
jol.ooo,free
jom.ooo,free
jop.ooo,free
jor.ooo,free
jos.ooo,free
jue.ooo,free
juh.ooo,free
jui.ooo,free
jul.ooo,free
jun.ooo,free
jus.ooo,free
kae.ooo,free
kai.ooo,free
kaj.ooo,free
kam.ooo,free
kan.ooo,free
kao.ooo,free
kat.ooo,free
kau.ooo,free
kav.ooo,free
kea.ooo,free
kef.ooo,free
ken.ooo,free
keo.ooo,free
kgw.ooo,free
kha.ooo,free
kho.ooo,free
kie.ooo,free
kim.ooo,free
kin.ooo,free
kio.ooo,free
kit.ooo,free
kiu.ooo,free
klk.ooo,free
koh.ooo,free
kok.ooo,free
kol.ooo,free
kon.ooo,free
kot.ooo,free
kou.ooo,free
kri.ooo,free
kry.ooo,free
kuc.ooo,free
kui.ooo,free
kum.ooo,free
kuu.ooo,free
kvt.ooo,free
kym.ooo,free
laa.ooo,free
lad.ooo,free
lai.ooo,free
lam.ooo,free
lap.ooo,free
lar.ooo,free
lau.ooo,free
law.ooo,free
lay.ooo,free
lea.ooo,free
led.ooo,free
lei.ooo,free
lek.ooo,free
lem.ooo,free
len.ooo,free
lev.ooo,free
lha.ooo,free
lia.ooo,free
lie.ooo,free
lim.ooo,free
lin.ooo,free
lio.ooo,free
lis.ooo,free
liu.ooo,free
liv.ooo,free
liz.ooo,free
loa.ooo,free
loh.ooo,free
loi.ooo,free
lok.ooo,free
lon.ooo,free
lou.ooo,free
low.ooo,free
lps.ooo,free
luh.ooo,free
lui.ooo,free
luk.ooo,free
lul.ooo,free
lum.ooo,free
lun.ooo,free
lut.ooo,free
luu.ooo,free
luz.ooo,free
lyn.ooo,free
lyu.ooo,free
m a.ooo,free
maa.ooo,free
mac.ooo,free
mae.ooo,free
mag.ooo,free
mah.ooo,free
mai.ooo,free
maj.ooo,free
man.ooo,free
maq.ooo,free
mas.ooo,free
mat.ooo,free
mau.ooo,free
may.ooo,free
mbi.ooo,free
mdp.ooo,free
mdu.ooo,free
mea.ooo,free
med.ooo,free
mee.ooo,free
meg.ooo,free
meh.ooo,free
mei.ooo,free
mem.ooo,free
met.ooo,free
mey.ooo,free
mhd.ooo,free
mhm.ooo,free
mia.ooo,free
mie.ooo,free
mim.ooo,free
mir.ooo,free
mis.ooo,free
mmh.ooo,free
moa.ooo,free
moi.ooo,free
moj.ooo,free
mok.ooo,free
mor.ooo,free
mou.ooo,free
mox.ooo,free
moy.ooo,free
mry.ooo,free
mst.ooo,free
muh.ooo,free
mui.ooo,free
mul.ooo,free
mus.ooo,free
mya.ooo,free
myk.ooo,free
myo.ooo,free
naa.ooo,free
nad.ooo,free
nah.ooo,free
nam.ooo,free
nan.ooo,free
nao.ooo,free
nau.ooo,free
nav.ooo,free
naw.ooo,free
nay.ooo,free
naz.ooo,free
nda.ooo,free
nde.ooo,free
ndi.ooo,free
nea.ooo,free
ned.ooo,free
neh.ooo,free
nei.ooo,free
nel.ooo,free
nes.ooo,free
ney.ooo,free
nga.ooo,free
ngo.ooo,free
nhi.ooo,free
nhu.ooo,free
nia.ooo,free
nie.ooo,free
nii.ooo,free
nir.ooo,free
nis.ooo,free
nit.ooo,free
niu.ooo,free
niv.ooo,free
nix.ooo,free
nji.ooo,free
noe.ooo,free
nok.ooo,free
nor.ooo,free
nou.ooo,free
noy.ooo,free
nti.ooo,free
nuj.ooo,free
nur.ooo,free
nuz.ooo,free
nwe.ooo,free
nyi.ooo,free
nyl.ooo,free
obi.ooo,free
obk.ooo,free
oby.ooo,free
oda.ooo,free
ody.ooo,free
oei.ooo,free
oes.ooo,free
oge.ooo,free
oke.ooo,free
oki.ooo,free
oky.ooo,free
ola.ooo,free
ole.ooo,free
olu.ooo,free
oma.ooo,free
ome.ooo,free
omm.ooo,free
omo.ooo,free
omr.ooo,free
ona.ooo,free
oni.ooo,free
oom.ooo,free
ora.ooo,free
ori.ooo,free
orm.ooo,free
orn.ooo,free
osp.ooo,free
ota.ooo,free
oto.ooo,free
ott.ooo,free
otu.ooo,free
oum.ooo,free
ove.ooo,free
ovi.ooo,free
owe.ooo,free
oya.ooo,free
p-a.ooo,free
p-o.ooo,free
paa.ooo,free
pai.ooo,free
pak.ooo,free
pam.ooo,free
pao.ooo,free
pap.ooo,free
pat.ooo,free
pau.ooo,free
pax.ooo,free
paz.ooo,free
peh.ooo,free
pei.ooo,free
pek.ooo,free
peo.ooo,free
pep.ooo,free
per.ooo,free
pex.ooo,free
phc.ooo,free
phu.ooo,free
pia.ooo,free
pie.ooo,free
pig.ooo,free
pil.ooo,free
pit.ooo,free
pnw.ooo,free
poh.ooo,free
pok.ooo,free
pou.ooo,free
pov.ooo,free
pra.ooo,free
pri.ooo,free
pui.ooo,free
pun.ooo,free
qba.ooo,free
qin.ooo,free
qiu.ooo,free
qlf.ooo,free
qtr.ooo,free
que.ooo,free
qun.ooo,free
quy.ooo,free
rae.ooo,free
raf.ooo,free
rai.ooo,free
raj.ooo,free
ran.ooo,free
rav.ooo,free
raz.ooo,free
rea.ooo,free
ree.ooo,free
reg.ooo,free
rex.ooo,free
rey.ooo,free
ria.ooo,free
ric.ooo,free
rie.ooo,free
rin.ooo,free
riu.ooo,free
riz.ooo,free
roc.ooo,free
rod.ooo,free
rom.ooo,free
ron.ooo,free
ros.ooo,free
rou.ooo,free
rre.ooo,free
rui.ooo,free
rul.ooo,free
rut.ooo,free
ruy.ooo,free
ruz.ooo,free
rye.ooo,free
rym.ooo,free
ryo.ooo,free
ryu.ooo,free
rza.ooo,free
s m.ooo,free
sai.ooo,free
sal.ooo,free
sau.ooo,free
saw.ooo,free
sbo.ooo,free
sbu.ooo,free
see.ooo,free
sei.ooo,free
sha.ooo,free
shi.ooo,free
sho.ooo,free
shu.ooo,free
sif.ooo,free
sii.ooo,free
sin.ooo,free
sis.ooo,free
sit.ooo,free
siu.ooo,free
siv.ooo,free
slm.ooo,free
sne.ooo,free
sng.ooo,free
snr.ooo,free
soe.ooo,free
sof.ooo,free
soh.ooo,free
soi.ooo,free
sok.ooo,free
som.ooo,free
son.ooo,free
sou.ooo,free
sow.ooo,free
soz.ooo,free
sri.ooo,free
srt.ooo,free
ste.ooo,free
stu.ooo,free
sue.ooo,free
suh.ooo,free
sui.ooo,free
sum.ooo,free
sus.ooo,free
sut.ooo,free
sya.ooo,free
sys.ooo,free
tah.ooo,free
tai.ooo,free
tal.ooo,free
tan.ooo,free
tau.ooo,free
tay.ooo,free
teh.ooo,free
tei.ooo,free
tek.ooo,free
teo.ooo,free
tet.ooo,free
tey.ooo,free
thu.ooo,free
tia.ooo,free
tii.ooo,free
tim.ooo,free
toh.ooo,free
ton.ooo,free
tou.ooo,free
tsz.ooo,free
tua.ooo,free
tue.ooo,free
tun.ooo,free
tup.ooo,free
tya.ooo,free
tyo.ooo,free
tzu.ooo,free
uab.ooo,free
uci.ooo,free
udi.ooo,free
udo.ooo,free
uju.ooo,free
uka.ooo,free
uku.ooo,free
ulf.ooo,free
uli.ooo,free
uma.ooo,free
umi.ooo,free
umm.ooo,free
umu.ooo,free
umy.ooo,free
une.ooo,free
unn.ooo,free
uno.ooo,free
uri.ooo,free
urs.ooo,free
uta.ooo,free
ute.ooo,free
uum.ooo,free
uus.ooo,free
uwe.ooo,free
vai.ooo,free
val.ooo,free
van.ooo,free
var.ooo,free
vas.ooo,free
vau.ooo,free
vdj.ooo,free
ved.ooo,free
vee.ooo,free
vid.ooo,free
vik.ooo,free
vim.ooo,free
vin.ooo,free
vit.ooo,free
viv.ooo,free
von.ooo,free
vui.ooo,free
vuk.ooo,free
wac.ooo,free
wad.ooo,free
wak.ooo,free
wan.ooo,free
wei.ooo,free
wen.ooo,free
wil.ooo,free
wim.ooo,free
wld.ooo,free
woj.ooo,free
wun.ooo,free
xaa.ooo,free
xai.ooo,free
xan.ooo,free
xee.ooo,free
xie.ooo,free
xin.ooo,free
xiu.ooo,free
xmo.ooo,free
xon.ooo,free
xue.ooo,free
xun.ooo,free
yaa.ooo,free
yaj.ooo,free
yam.ooo,free
yan.ooo,free
yao.ooo,free
yap.ooo,free
yas.ooo,free
yat.ooo,free
yee.ooo,free
yeh.ooo,free
yei.ooo,free
yen.ooo,free
yeo.ooo,free
yer.ooo,free
yew.ooo,free
yii.ooo,free
yim.ooo,free
yip.ooo,free
yiu.ooo,free
yll.ooo,free
ylo.ooo,free
yna.ooo,free
yoj.ooo,free
yor.ooo,free
ysa.ooo,free
yue.ooo,free
yui.ooo,free
yun.ooo,free
yus.ooo,free
yuu.ooo,free
yuv.ooo,free
zak.ooo,free
zal.ooo,free
zam.ooo,free
zaw.ooo,free
zee.ooo,free
zef.ooo,free
zel.ooo,free
zen.ooo,free
zhe.ooo,free
zhi.ooo,free
zia.ooo,free
zie.ooo,free
zif.ooo,free
zin.ooo,free
ziq.ooo,free
ziv.ooo,free
zoe.ooo,free
zoi.ooo,free
zou.ooo,free
zoz.ooo,free
zsu.ooo,free
zue.ooo,free
zul.ooo,free
zuo.ooo,free
zuz.ooo,free
zvi.ooo,free
aba.ooo,taken
abd.ooo,taken
abg.ooo,taken
aby.ooo,taken
ace.ooo,taken
ach.ooo,taken
adi.ooo,taken
ado.ooo,taken
adv.ooo,taken
afa.ooo,taken
aga.ooo,taken
agi.ooo,taken
ala.ooo,taken
ali.ooo,taken
ani.ooo,taken
ann.ooo,taken
any.ooo,taken
aoi.ooo,taken
ari.ooo,taken
aro.ooo,taken
art.ooo,taken
aru.ooo,taken
asi.ooo,taken
aso.ooo,taken
ata.ooo,taken
ati.ooo,taken
ava.ooo,taken
awa.ooo,taken
awg.ooo,taken
awo.ooo,taken
aws.ooo,taken
aya.ooo,taken
ayo.ooo,taken
bao.ooo,taken
bek.ooo,taken
bob.ooo,taken
bro.ooo,taken
bry.ooo,taken
bsc.ooo,taken
cai.ooo,taken
cam.ooo,taken
cap.ooo,taken
cde.ooo,taken
cee.ooo,taken
ceu.ooo,taken
chi.ooo,taken
chu.ooo,taken
con.ooo,taken
cor.ooo,taken
cut.ooo,taken
dag.ooo,taken
dee.ooo,taken
des.ooo,taken
dev.ooo,taken
dex.ooo,taken
din.ooo,taken
doe.ooo,taken
dom.ooo,taken
drs.ooo,taken
ech.ooo,taken
eda.ooo,taken
efe.ooo,taken
eik.ooo,taken
eko.ooo,taken
ela.ooo,taken
els.ooo,taken
emi.ooo,taken
ems.ooo,taken
emz.ooo,taken
eng.ooo,taken
enn.ooo,taken
eno.ooo,taken
era.ooo,taken
eri.ooo,taken
esi.ooo,taken
eva.ooo,taken
exe.ooo,taken
fan.ooo,taken
fat.ooo,taken
fin.ooo,taken
foo.ooo,taken
gea.ooo,taken
gem.ooo,taken
gil.ooo,taken
gin.ooo,taken
gio.ooo,taken
git.ooo,taken
goh.ooo,taken
gun.ooo,taken
hao.ooo,taken
hay.ooo,taken
hee.ooo,taken
huy.ooo,taken
ibo.ooo,taken
ido.ooo,taken
ina.ooo,taken
ion.ooo,taken
iro.ooo,taken
ita.ooo,taken
ito.ooo,taken
ivo.ooo,taken
jad.ooo,taken
jah.ooo,taken
jan.ooo,taken
jet.ooo,taken
jho.ooo,taken
jir.ooo,taken
joa.ooo,taken
joe.ooo,taken
jon.ooo,taken
joy.ooo,taken
jur.ooo,taken
kak.ooo,taken
kay.ooo,taken
kaz.ooo,taken
kee.ooo,taken
kei.ooo,taken
kem.ooo,taken
kev.ooo,taken
key.ooo,taken
kia.ooo,taken
kis.ooo,taken
ktv.ooo,taken
kun.ooo,taken
kuo.ooo,taken
kus.ooo,taken
lal.ooo,taken
lan.ooo,taken
lao.ooo,taken
lee.ooo,taken
leo.ooo,taken
les.ooo,taken
lex.ooo,taken
loo.ooo,taken
luc.ooo,taken
luo.ooo,taken
lux.ooo,taken
mak.ooo,taken
mam.ooo,taken
mao.ooo,taken
mar.ooo,taken
max.ooo,taken
maz.ooo,taken
mca.ooo,taken
mdm.ooo,taken
mel.ooo,taken
mer.ooo,taken
mic.ooo,taken
min.ooo,taken
mio.ooo,taken
miu.ooo,taken
miz.ooo,taken
mlk.ooo,taken
mma.ooo,taken
moe.ooo,taken
moh.ooo,taken
mon.ooo,taken
mss.ooo,taken
nat.ooo,taken
neo.ooo,taken
ngu.ooo,taken
nic.ooo,taken
nik.ooo,taken
nil.ooo,taken
noa.ooo,taken
non.ooo,taken
odd.ooo,taken
ojo.ooo,taken
oli.ooo,taken
olo.ooo,taken
ong.ooo,taken
ono.ooo,taken
ons.ooo,taken
onx.ooo,taken
ooi.ooo,taken
opg.ooo,taken
oti.ooo,taken
pal.ooo,taken
pan.ooo,taken
pav.ooo,taken
paw.ooo,taken
peg.ooo,taken
pik.ooo,taken
pim.ooo,taken
pin.ooo,taken
pio.ooo,taken
pol.ooo,taken
pop.ooo,taken
puk.ooo,taken
ram.ooo,taken
rao.ooo,taken
rap.ooo,taken
ras.ooo,taken
ray.ooo,taken
red.ooo,taken
rei.ooo,taken
ren.ooo,taken
reo.ooo,taken
rik.ooo,taken
rim.ooo,taken
rio.ooo,taken
rob.ooo,taken
roi.ooo,taken
rok.ooo,taken
roo.ooo,taken
roy.ooo,taken
run.ooo,taken
rus.ooo,taken
sab.ooo,taken
sad.ooo,taken
sae.ooo,taken
sam.ooo,taken
san.ooo,taken
sao.ooo,taken
seb.ooo,taken
sem.ooo,taken
she.ooo,taken
shy.ooo,taken
sia.ooo,taken
sid.ooo,taken
sil.ooo,taken
sim.ooo,taken
sio.ooo,taken
siw.ooo,taken
six.ooo,taken
sky.ooo,taken
sly.ooo,taken
sol.ooo,taken
soo.ooo,taken
sun.ooo,taken
syl.ooo,taken
sze.ooo,taken
taj.ooo,taken
tak.ooo,taken
tam.ooo,taken
tao.ooo,taken
tat.ooo,taken
tea.ooo,taken
ted.ooo,taken
tee.ooo,taken
ter.ooo,taken
the.ooo,taken
thi.ooo,taken
tik.ooo,taken
tin.ooo,taken
tok.ooo,taken
tom.ooo,taken
tor.ooo,taken
tri.ooo,taken
tse.ooo,taken
tsg.ooo,taken
ugo.ooo,taken
ula.ooo,taken
una.ooo,taken
vel.ooo,taken
ver.ooo,taken
via.ooo,taken
vic.ooo,taken
vir.ooo,taken
vis.ooo,taken
wah.ooo,taken
wai.ooo,taken
wee.ooo,taken
wes.ooo,taken
win.ooo,taken
wit.ooo,taken
wiz.ooo,taken
woo.ooo,taken
xia.ooo,taken
xii.ooo,taken
xoo.ooo,taken
yau.ooo,taken
yaw.ooo,taken
yin.ooo,taken
you.ooo,taken
yuk.ooo,taken
zac.ooo,taken
zai.ooo,taken
zhu.ooo,taken
zyy.ooo,taken
